Rank,Company,Vertical,Sub-vertical,Business Model,"HQ (City, State)",Other US Call Center Sites,Call Center Seats (est.),Seats Basis / Confidence,Total Employees,Annual Revenue,Revenue Basis / Confidence,# of Clients,Client List / Key Clients,Outbound Calling Evidence,TCPA Exposure Evidence (Trigger),Lead-Sourcing Posture,Litigation /30,Lead Source /25,Volume /20,Vertical /12,Geo /8,Gap /5,TCPA RISK SCORE,Risk Band,Solvency / Reputability,CiV Fit,Buying Trigger & Timing,Entry Point (Title),Opening Hook,Sources,Overall Confidence
1,Liberty Mutual Insurance,Insurance,P&C carrier (personal lines),B2C direct + agency,"Boston, MA",Multiple US service/sales centers,"2,000+ (est.)",Est. from sales/service headcount; not disclosed - LOW,"~45,000",~$50B,Public financial reports - HIGH,N/A,N/A - direct to consumer,Operates outbound telemarketing campaigns using purchased third-party aggregator leads (per class cert order),Ward v. Liberty Mutual - TWO TCPA classes certified 6/12/2026; ~$30M exposure; leads purchased from All Web Leads,Buys aggregated third-party leads - the certified failure mode,30,25,17,12,8,2,94,1 - CRITICAL,Strong - Fortune 100 carrier,"C - enterprise cycle, in-house legal, but reference logo",Class certified 6/2026 - remediation budget unlocked NOW; carrier-wide lead audit likely underway,Chief Compliance Officer / AGC Regulatory / VP Distribution Compliance,Ward certification turned your vendor lead files into class evidence. We reconstruct consent provenance per lead so the next cert motion fails.,natlawreview.com; tcpaworld.com 6/15/2026; agencychecklists.com 6/20/2026,HIGH on trigger; LOW on seats
2,Momentum Solar (Pro Custom Solar LLC),Solar,Residential solar EPC,B2C direct sales,"South Plainfield, NJ","NJ, NY, CA, FL, TX, CT, PA, AZ, NV, MA",400-800 (est.),"Est. from inside-sales share of ~2,000 staff - LOW","~1,349-2,000+",~$161.8M,Aggregator estimate (Growjo) - LOW,N/A,N/A - direct to consumer,Telemarketing calls to consumers over a ~10-year class period (3/2015-1/2025),Up to $30M TCPA class settlement (2025) - largest solar TCPA settlement to date; two consolidated D.N.J. class actions,Purchased + self-generated solar leads,30,22,15,11,8,4,90,1 - CRITICAL,Operating - but $30M settlement is a material balance-sheet event; verify,A - settlement mandates remediation,Settlement administration underway; a consent decree-style compliance obligation is the classic CiV entry,General Counsel / Chief Compliance Officer / CEO,A $30M settlement buys a fix once. The class period ran ten years because nothing was measuring it.,claimdepot; classaction.org; topclassactions; lawobrien,HIGH on settlement
3,"All Web Leads, Inc.",Insurance,Lead generator / aggregator,B2B lead seller,"Austin, TX","Austin, TX",150-400 (est.),Est. from lead-gen ops scale - LOW,Not public,Not public,Private - NONE,Dozens (carriers + agencies),Liberty Mutual (named in Ward); carrier/agency buyers - full list not public,Generates and sells insurance leads into outbound calling programs,Named as lead source in Ward v. Liberty Mutual class cert; separately sued in TX federal court alleging systematically falsified leads,Originates and resells leads - consent provenance is the product,28,25,12,12,8,4,89,1 - CRITICAL,Operating - allegations unproven; diligence before outreach,"A - acute, mid-market, existential",Named in a certified class + a fraud-flavored suit; buyers are demanding proof of consent right now,CEO / General Counsel / Head of Compliance,"Your buyers just watched Liberty Mutual get certified on your leads. Certifiable consent provenance is now your commercial moat, not overhead.",natlawreview.com; tcpaworld.com 6/15/2026,HIGH on trigger; NONE on financials
4,AmeriSave Mortgage,Personal Finance,Mortgage lending,B2C telesales,"Atlanta, GA",Atlanta GA; multiple US,"800-1,500 (est.)",Est. - LOW,"~1,500+",Not public,Private - NONE,Consumers (direct),N/A - direct to consumer,High-volume mortgage telesales on purchased trigger/refi leads,Named among recent mortgage-industry TCPA class action defendants,Buys credit-trigger and refi leads - among the most aggressively resold lead types,20,24,18,12,8,4,86,1 - CRITICAL,Operating - major nonbank lender,A - active litigation + no listed-company legal bench,Active TCPA class action wave hitting mortgage lenders; rate moves spike refi dialing,Chief Compliance Officer / General Counsel,Credit-trigger leads are resold within minutes. You are the deep pocket at the end of a chain you cannot document.,National Mortgage News TCPA class action coverage,MEDIUM
5,American Income Life (Globe Life),Insurance,Life / final expense,B2C direct + agent force,"Waco, TX",Multiple US agency offices,"1,000+ (est.)",Est. from agent force - LOW,"~3,000 corporate + large agent force",Globe Life ~$5.8B,Public filings - HIGH,N/A,N/A - direct to consumer,Agent-driven outbound calling on purchased and referral leads,$14M TCPA class action settlement over allegedly unsolicited sales calls,Agent-purchased leads with weak central control,25,20,16,12,8,3,84,1 - CRITICAL,Strong - NYSE parent,B - large but real recurring pain,Eight-figure settlement; agent-channel controls under board scrutiny,Chief Compliance Officer / VP Agency Compliance,"A $14M settlement bought you a remediation mandate, not a fix. The agent lead pipeline is still un-instrumented.",TCPA settlement reporting; leadshook TCPA settlement roundup,MEDIUM
6,Farmers Insurance Exchange,Insurance,P&C carrier + captive agency,B2C via agency force,"Woodland Hills, CA",Multiple regional centers,"1,500+ (est.)",Est.; agency force calls separately - LOW,"~21,000",~$20B+,Reported - MEDIUM,N/A,N/A - direct to consumer,Agency-force telemarketing; settlements cover calls placed by appointed agencies on Farmers' behalf,"$2,875,000 TCPA settlement preliminarily approved 4/28/2026 (agency calls, DNC classes); separate $1.25M Heckathorn TCPA settlement",Distributed agency calling - agent-level lead buying is the blind spot,27,18,16,12,8,3,84,1 - CRITICAL,Strong - major national carrier,B - agency-channel governance is a real gap,Two settlements inside 24 months; vicarious liability for appointed agents is unresolved,Chief Compliance Officer / VP Agency Operations,Both settlements came from agent-placed calls you did not dial. Agent-channel consent governance is the unfixed root cause.,classaction.org; programbusiness.com; claimdepot.com/heckathorn,HIGH on trigger
7,"GoHealth, Inc.",Insurance,Medicare telesales,B2C telesales + lead referral,"Chicago, IL",Charlotte NC; Lindon UT (est.),"1,500-2,500 (est. peak AEP)",Est.; seasonal - MEDIUM,"~2,500 (seasonal)",~$700M-800M,Public filings - MEDIUM,Carrier partners,Major Medicare Advantage carriers; 'Encompass' warm-lead referral partners,Generates warm leads and transfers to carrier partners - outbound + transfer model,Named in DOJ FCA complaint-in-intervention 5/1/2025; company also underwent Chapter 11 restructuring,Both buys leads and generates/transfers them - dual exposure,18,23,18,12,8,4,83,1 - CRITICAL,CAUTION - restructuring history; verify current financial footing,B - verify solvency first,"DOJ action + restructuring = new leadership, new compliance mandate",Chief Compliance Officer / General Counsel,Encompass transfers put you on both sides of the consent chain. Both sides are discoverable.,justice.gov; bondoro.com GoHealth Ch11 summary; stocktitan,MEDIUM - verify solvency
8,Power Home Remodeling Group,HVAC / Home Services,Exterior remodeling,B2C direct sales,"Chester, PA",~20 US regional offices,"600-1,200 (est.)","Est. from inside sales/canvassing share of ~3,000 - LOW","~3,000",~$1B (2022),Reported - MEDIUM,N/A,N/A - direct to consumer,Large inside-sales and appointment-setting operation supporting in-home selling,Active class action (2026) alleging violation of federal telemarketing law and state consumer protection statutes; settlement discussions reported underway,Self-generated + purchased appointment-setting leads,24,20,17,10,8,4,83,1 - CRITICAL,"Strong - ~$1B revenue, No. 3 in 2026 Top 500 remodelers","A - active case, solvent, no in-house TCPA bench",Settlement discussions reported underway in 2026 - remediation design window is open right now,General Counsel / Chief Compliance Officer,"Settlement talks are the moment to design the fix, while the number is still negotiable and remediation counts as good faith.",lawfold.com Power Home Remodeling class action 2026; Qualified Remodeler Top 500,MEDIUM
9,"SelectQuote, Inc.",Insurance,Medicare / life telesales,B2C telesales,"Overland Park, KS",San Diego CA; Des Moines IA; Indianapolis IN (est.),"2,000-3,000 (est. peak AEP)",Est. from licensed agent force; seasonal surge - MEDIUM,"~3,000-5,000 (seasonal)",~$1.5B,Public filings - HIGH,Carrier partners,"Major Medicare Advantage carriers (Humana, UnitedHealthcare, Aetna et al.)",Phone-led distribution is the entire business model; high-volume licensed-agent outbound,DOJ False Claims Act complaint-in-intervention filed 5/1/2025 naming SelectQuote (kickback allegations); heavy regulated-marketing scrutiny + CMS marketing rules,Buys Medicare leads at scale during AEP surge,18,22,20,12,8,3,83,1 - CRITICAL,Strong - NYSE listed,A - seasonal surge = seasonal risk spike,DOJ action + AEP (Oct 15-Dec 7) surge staffing; compliance budget approved pre-AEP,Chief Compliance Officer / SVP Sales Operations,AEP triples your dialing and your vendor lead mix in eight weeks. That surge is when consent provenance breaks.,justice.gov press release; medicaremarketinsights; company financials,HIGH on DOJ action
10,Modernize (QuinStreet),HVAC / Home Services,Home improvement lead gen,B2B lead seller,"Austin, TX",Austin TX; QuinStreet Foster City CA,100-300 (est.),Est. - LOW,Not separately disclosed,QuinStreet segment - not broken out,Parent public - LOW,Thousands of contractors,"HVAC, solar, roofing, window contractors nationwide",Accused of cold calling using automatic dialing systems with prerecorded messages,TCPA class action settlement over cold calls placed with an ATDS and prerecorded messages,Originates and resells home improvement leads to thousands of contractor buyers,22,25,14,10,8,3,82,1 - CRITICAL,Strong - NASDAQ parent (QuinStreet),A - sells into exactly CiV's target verticals; a channel partner as much as a prospect,Settled TCPA class action; its thousands of contractor buyers are ALSO CiV prospects,General Counsel / VP Compliance,Every contractor you sell to inherits your consent language. Certifiable provenance is a wedge against every competitor in your category.,topclassactions Modernize settlement; QuinStreet disclosures,MEDIUM
11,US Solar Connect,Solar,Solar lead gen / sales,B2C/B2B,Not confirmed - verify,FL nexus (FTSA claim),Unknown,Not researched - NONE,Not public,Not public,Private - NONE,Unknown,Not public,Alleged autodialed calls to DNC-registered numbers,Tom v. US Solar Connect - TCPA class action pleading BOTH a National DNC Registry class AND a Florida Telephone Solicitation Act autodial class,Alleged autodialing of unverified lists,23,22,12,11,8,5,81,1 - CRITICAL,UNVERIFIED - diligence required,"B - acute pain, unknown size",Dual federal + FTSA class pleading - the doubled-damages structure that forces fast settlements,Owner / General Counsel,A stacked DNC + FTSA class means two statutory damages awards on one call. That math ends companies.,natlawreview solar lead company TCPA coverage,LOW - verify entity
12,"eHealth, Inc.",Insurance,Medicare / IFP telesales,B2C telesales,"Santa Clara, CA",Gold River CA; Indianapolis IN; Xiamen (offshore),"1,200-2,000 (est. peak AEP)",Est.; seasonal - MEDIUM,"~2,000+ (seasonal)",~$500M,Public filings - HIGH,Carrier partners,Major Medicare Advantage and IFP carriers,Confirmed outbound lead calling as core acquisition motion,Named in DOJ FCA complaint-in-intervention 5/1/2025,Purchases Medicare leads; heavy AEP vendor reliance,17,22,18,12,8,3,80,1 - CRITICAL,Adequate - NASDAQ listed; margin pressure,"A - mid-cap, real pain, reachable",DOJ action; AEP surge; CMS marketing rule tightening,Chief Compliance Officer / VP Sales Ops,"CMS marketing rules and TCPA now police the same call. One recording, two regulators, zero margin for provenance gaps.",justice.gov; medicaremarketinsights; company financials,MEDIUM-HIGH
13,"InsureMe, Inc.",Insurance,Lead gen / agency,B2C + B2B,Not confirmed - verify,Not confirmed,Unknown,Not researched - NONE,Not public,Not public,Private - NONE,Unknown,Not public,Alleged 20+ unsolicited telemarketing calls to a single DNC-registered cell in 2024,"Klouda v. InsureMe, Inc. - active TCPA suit alleging DNC-registry calls without express consent",Alleged high-frequency outbound to purchased/unverified lists,22,22,12,12,6,5,79,2 - HIGH,UNVERIFIED - diligence required before outreach,"B - real pain, unknown size/legitimacy",Active litigation; small firms settle fast and then buy prevention,Owner / General Counsel,"Twenty calls to one DNC number is not a dialer problem, it is a suppression-list problem. That is fixable this quarter.",Klouda v. InsureMe complaint reporting,LOW - verify entity before contact
14,Rocket Mortgage,Personal Finance,Mortgage lending,B2C telesales,"Detroit, MI",Detroit MI; Cleveland OH; Phoenix AZ,"3,000+ (est.)",Est. from banker headcount - MEDIUM,"~14,000",~$5B+,Public filings - HIGH,Consumers (direct),N/A - direct to consumer,One of the largest mortgage telesales operations in the US,Named among recent mortgage-industry TCPA class action defendants,Mix of owned first-party and purchased leads,19,18,20,12,8,2,79,2 - HIGH,Strong - NYSE listed,C - large in-house legal/compliance function,Mortgage TCPA filing wave; rate-cycle dialing surges,Chief Compliance Officer / Associate GC,"At your dial volume, a 0.1% consent-provenance gap is a certifiable class.",National Mortgage News TCPA class action coverage; public filings,MEDIUM-HIGH
15,"EverQuote, Inc.",Insurance,Lead marketplace / comparison,B2B lead + call seller,"Cambridge, MA","Belfast, ME; Evansville, IN (est.)",300-600 (est.),Est. from in-house agency + call ops - LOW,~600-800,$500.2M (2024),Public filings - HIGH,Hundreds of carriers & agents,Major P&C carriers and independent agents; buyer roster partially public via partner disclosures,Confirmed Convoso outbound dialer customer; operates in-house call scheduler and outbound agency,Structural: sells leads/calls into buyer outbound programs; marketplace model is the primary vicarious-liability vector post-IMC,Originates + distributes leads to many buyers simultaneously,12,25,17,12,8,3,77,2 - HIGH,"Strong - NASDAQ listed, profitable",A - sells compliance as differentiation,"Post-IMC, buyers demand named-party consent; marketplaces that can certify provenance win share",General Counsel / VP Compliance / Chief Revenue Officer,"Your buyers now inherit your consent language. Certifiable per-buyer provenance is a pricing advantage, not a cost center.",convoso.com customer story; company financials; wikipedia,HIGH on revenue/dialer
16,Beyond Finance,Personal Finance,Debt consolidation / settlement,B2C telesales,"Chicago, IL","Houston, TX; Atlanta, GA; San Diego, CA","1,500-2,500 (est.)",Est. from multi-site telesales model - MEDIUM,"~2,000+ (incl. Accredited Debt Relief ~900)",Not public,Private - NONE,1.3M+ consumers served,N/A - direct to consumer,Multi-site consumer telesales operation across three metros,Structural: debt relief is ~22% of TCPA case mix (2nd highest vertical); heavy purchased-lead reliance,Buys debt/financial-distress leads from aggregators,10,23,19,12,8,4,76,2 - HIGH,"Strong - scaled, 1.3M clients","A - large outbound floor, no listed-company legal bench",Debt relief is the #2 TCPA target vertical; CFPB/FTC also active on debt relief marketing,Chief Compliance Officer / General Counsel,"Debt relief is the second most-sued vertical in TCPA. Your lead vendors decide your exposure, and you cannot currently prove what they captured.",beyondfinance.com fast facts; BBB profile; WebRecon vertical case mix,MEDIUM
17,"GetMeHealthCare, LLC",Insurance,Health insurance lead gen,B2C + lead gen,Florida (M.D. Fla. venue),FL,Unknown,Not researched - NONE,Not public,Not public,Private - NONE,Unknown,Not public,Defendant in TCPA action arising from telemarketing calls,"Smith v. GetMeHealthCare, LLC, No. 25-CV-00568 (M.D. Fla. 7/21/2026) - notably counter-sued the plaintiff for fraud and survived dismissal",Unverified,20,20,10,12,8,5,75,2 - HIGH,UNVERIFIED - diligence required,"B - actively fighting back, so budget exists",Litigating aggressively (fraud counterclaim survived) - a buyer who invests in defense will invest in prevention,Owner / General Counsel,You are proving serial plaintiffs can be fought. Provenance evidence is what makes that fight cheap and repeatable.,Duane Morris Class Action Defense blog 7/29/2026,LOW - verify entity
18,National Debt Relief,Personal Finance,Debt settlement,B2C telesales,"New York, NY",NY; remote,"800-1,500 (est.)",Est. - LOW,"~1,000+",Not public,Private - NONE,Consumers (direct),N/A - direct to consumer,High-volume consumer telesales for debt settlement enrollment,Structural: top-2 TCPA vertical; consumer-distress targeting attracts plaintiff bar,Buys distress-signal leads from aggregators,10,23,18,12,8,4,75,2 - HIGH,Strong - major national brand,A,Vertical base rate + regulator attention on debt relief marketing,Chief Compliance Officer / General Counsel,Financial-distress leads are the most re-sold data in the market. You are dialing consent you have never seen.,industry positioning; WebRecon vertical case mix,LOW-MEDIUM
19,loanDepot,Personal Finance,Mortgage lending,B2C telesales,"Irvine, CA",Irvine CA; Plano TX; multiple,"1,500-2,500 (est.)",Est. - LOW,"~4,000-5,000",~$1B+,Public filings - HIGH,Consumers (direct),N/A - direct to consumer,National mortgage telesales operation,Structural: mortgage is an active TCPA filing wave vertical; heavy purchased-lead reliance,Buys refi/trigger leads,12,22,18,12,8,3,75,2 - HIGH,Adequate - NYSE listed,B,Mortgage TCPA wave; rate-driven dialing surges,Chief Compliance Officer / General Counsel,Eleven new mortgage TCPA class actions landed in one recent filing wave. Trigger-lead provenance is the common thread.,National Mortgage News; public filings,MEDIUM
20,Sunrun Inc.,Solar,Residential solar / storage,B2C direct + dealer,"San Francisco, CA",Multiple US,"800-1,500 (est.)",Est. - LOW,"~10,000+",~$2B+,Public filings - HIGH,N/A + dealer network,N/A direct; dealer/channel partners not fully public,Direct and dealer-channel consumer sales including outbound calling,Named in comparative solar litigation analyses; dealer-channel calling creates vicarious exposure,Dealer network sources leads independently - classic uncontrolled-channel risk,12,23,17,11,8,3,74,2 - HIGH,"Strong - NASDAQ listed, largest US residential solar",B - large but dealer channel is genuinely ungoverned,"Dealer-model peers (Freedom Forever, Sunnova) collapsed partly under channel-conduct liabilities",Chief Compliance Officer / VP Channel Operations,Freedom Forever and Sunnova both ran dealer models and both filed Chapter 11 carrying channel-conduct claims. Your dealers dial in your name.,lawobrien solar litigation comparison; public filings; bankruptcy coverage,MEDIUM
21,Achieve (Freedom Financial Network),Personal Finance,Debt resolution / lending,B2C telesales,"San Mateo, CA",Tempe AZ; San Mateo CA; Lake Mary FL,"1,000-2,000 (est.)",Est. from multi-site model - LOW,"~2,500+",Not public,Private - NONE,Consumers (direct),N/A - direct to consumer,Multi-site consumer telesales across debt resolution and lending products,Structural: debt relief vertical base rate; FL site adds FTSA exposure,Buys financial-distress leads,9,22,18,12,8,4,73,2 - HIGH,Strong,A,Vertical base rate + FL operations under FTSA,Chief Compliance Officer / General Counsel,Your Lake Mary floor is dialing under FTSA rules that the federal vacatur never touched.,company profile; FTSA analysis,LOW-MEDIUM
22,Leaf Home,HVAC / Home Services,Gutter protection / home solutions,B2C direct sales,"Hudson, OH","200+ regional sales & field support offices; New York, NY","1,000-2,000 (est.)","Est. from inside sales share of ~4,132 - LOW","~4,132 (Mar 2026)","$2.53B (2025 remodeling revenue, +43.2% YoY)",Qualified Remodeler Top 500 - HIGH,N/A,N/A - direct to consumer,200+ office footprint with centralized appointment-setting and inside sales,Structural: highest-revenue US remodeler with mass-market outbound appointment setting; peer Power Home in active litigation,Heavy purchased lead + appointment-setting vendor reliance,9,22,19,10,8,4,72,2 - HIGH,"Strong - No. 1 US remodeler at $2.53B, growing 43% YoY",A - biggest solvent target in the vertical,43% YoY growth = dialing scaled faster than controls; peer litigation rising,General Counsel / Chief Compliance Officer / VP Sales Ops,You grew remodeling revenue 43% in a year. Consent controls almost never scale at that rate - and the class period starts the day they stop.,Qualified Remodeler 2026 Top 500; Revelio Labs headcount; growjo,MEDIUM-HIGH on size
23,LoanStream Mortgage,Personal Finance,Mortgage lending,B2C/B2B lending,"Irvine, CA","Irvine, CA",200-500 (est.),Est. - LOW,~500,Not public,Private - NONE,Brokers + consumers,Wholesale broker network,"Outbound lending calls; defended a 50,000-member putative TCPA class","Won summary judgment 8/2026 after a TWO-YEAR TCPA class defense (50,000+ putative class)",Purchased + broker-sourced leads,16,20,13,12,7,4,72,2 - HIGH,Operating,A - just paid two years of defense costs to win; maximum motivation to prevent round two,Won on summary judgment 8/2026 - the relief is fresh and the defense invoice is fresher,General Counsel / Chief Compliance Officer,"You won - after two years and a 50,000-member class scare. Provenance is what makes the next one end at the pleadings.",National Mortgage News 8/2026,MEDIUM
24,Mass Markets (MCI),BPO / Outsourced,Outbound telesales BPO,B2B outsourced calling,"Iowa City, IA (parent MCI, Miami Beach, FL)","8 US contact centers incl. 500+ seat Sioux City, IA facility","~2,500 (across 8 centers); Sioux City alone 500+",Company/press disclosed - HIGH,"~2,500",Not public,Private - NONE,Multiple enterprise clients,Client roster not public - B2B and B2C telesales clients across verticals,EXPLICITLY markets outbound telesales B2B and B2C contact center services,Structural: performs outbound calling AS AGENT for clients - the purest vicarious liability posture in the list,Dials client-supplied lists whose consent it did not capture,6,25,20,9,8,4,72,2 - HIGH,"Strong - growing, adding US capacity",A - BPOs must prove compliance to WIN deals; CiV is a revenue tool not a cost,Actively expanding US seat capacity; enterprise clients now demand TCPA indemnity and audit rights in MSAs,General Counsel / VP Compliance / Chief Revenue Officer,You dial lists you did not build under indemnities you cannot verify. Provable provenance wins the deals your competitors cannot underwrite.,massmarkets.com; mci.world; Sioux City Journal facility coverage,HIGH on seats
25,"MediaAlpha, Inc.",Insurance,Programmatic lead/call exchange,B2B exchange,"Los Angeles, CA",Remote-first,"N/A - exchange, minimal own dialing","Model is programmatic, not seat-based - HIGH",~300,$864.7M (2024),Public filings - HIGH,Tier-1 carriers + agencies,Major P&C carriers; transaction value >$1.5B,Routes calls and leads into buyer outbound programs via real-time bidding,Structural: RTB routing makes consent-string integrity the single point of failure across every downstream buyer,Real-time exchange - consent travels with the bid or it does not travel,10,25,14,12,8,3,72,2 - HIGH,Strong - NYSE listed,A - infrastructure-level compliance buyer,Exchange economics reward provable consent; one bad source contaminates every buyer,General Counsel / VP Trust & Compliance,"In an RTB exchange, consent provenance either travels with the bid or every buyer inherits your worst publisher.",company financials; growthsharematrix; abovo market analysis,HIGH on revenue
26,Spring Venture Group,Insurance,Medicare Supp / Advantage telesales,B2C telesales,"Kansas City, MO","Kansas City, MO (primary)","800-1,500 (est.)",Est. from licensed agent model - LOW,"~1,000-1,500","Not public (PE-backed, Corsair Capital)",Private - NONE,Carrier partners,Medicare Supplement/Advantage carriers via United Medicare Advisors & SmartMatch,Direct-to-consumer telesales is the stated business model across two agency brands,Structural: high-volume senior-targeted outbound; ALMIA member (industry self-regulation signals known exposure),Buys Medicare leads at volume,8,22,18,12,8,4,72,2 - HIGH,Strong - Corsair Capital backed,"A - PE-backed, mid-market, compliance is a diligence item",PE ownership = exit prep; TCPA contingent liability is a valuation haircut at diligence,General Counsel / Chief Compliance Officer / CFO,"At exit, unprovable consent becomes an escrow holdback. Provenance is enterprise value, not overhead.",corsair-capital.com; springventuregroup.com; ALMIA membership,MEDIUM
27,TRANZACT (Willis Towers Watson),Insurance,Medicare direct-response,B2B2C outsourced acquisition,"Fort Lee, NJ",Fort Lee NJ; Bala Cynwyd PA (est.),"1,000-2,000 (est.)",Est. from direct-response model - LOW,"~1,500+",Not separately disclosed (WTW segment),Parent public; segment not broken out - LOW,Major MA carriers,Medicare Advantage carriers - operates acquisition on their behalf,Direct-response TV/digital into inbound + outbound telesales for carrier clients,Structural: performs calling ON BEHALF of carriers - classic vicarious liability posture; ALMIA member,Runs the lead-to-call chain for carrier clients - owns the consent record,8,23,18,12,8,3,72,2 - HIGH,Strong - WTW subsidiary,"B - enterprise parent, but the operating unit feels the pain",Carrier clients now demand indemnity + provenance evidence in renewals,Head of Compliance / General Counsel / Client Services Lead,Your carrier clients are pushing TCPA indemnity down to you. Provenance evidence is now a contract renewal term.,ALMIA membership; WTW disclosures,LOW-MEDIUM
28,e-TeleQuote Insurance,Insurance,Medicare telesales,B2C telesales,"Clearwater, FL","Clearwater, FL","600-1,200 (est.)",Est. - LOW,"~1,000",Not public,Private - NONE,Carrier partners,Medicare Advantage carriers,Pure telesales Medicare distributor,"HQ in Florida - FTSA exposure (3-call/24hr cap, 8pm cutoff, $500-$1,500 private right of action) on top of federal TCPA",Buys Medicare leads at volume,8,22,17,12,8,4,71,2 - HIGH,Operating - verify current status,A - FL-domiciled telesales is the highest-density risk profile,Florida domicile + senior targeting = FTSA plaintiff bar's preferred defendant,General Counsel / Chief Compliance Officer,A Clearwater telesales floor calling seniors is the FTSA bar's ideal defendant. Federal relief did nothing for you.,ALMIA membership; insurance-forums industry discussion,LOW-MEDIUM
29,Americor,Personal Finance,Debt relief / consolidation,B2C telesales,"Irvine, CA","Irvine, CA",400-900 (est.),Est. - LOW,"~700-1,000",Not public,Private - NONE,Consumers (direct),N/A - direct to consumer,Consumer telesales for debt settlement/consolidation enrollment,Structural: top-2 TCPA vertical; CA base adds state consumer-protection overlay,Buys distress leads,9,22,16,12,7,4,70,2 - HIGH,Operating - founded 2009,"A - mid-market, reachable",Vertical base rate; sector-wide regulator scrutiny,General Counsel / VP Compliance,Every lead you buy carries someone else's disclosure language. In discovery that language becomes yours.,company profile; WebRecon vertical case mix,LOW
30,ClearOne Advantage,Personal Finance,Debt settlement,B2C telesales,"Baltimore, MD","Baltimore, MD",300-700 (est.),Est. - LOW,~500-800,Not public,Private - NONE,Consumers (direct),N/A - direct to consumer,Consumer debt settlement telesales,"Maryland HQ - Maryland enacted a mini-TCPA in the FTSA mold, applying stricter standards to calls/texts to MD residents",Buys distress leads,8,22,15,12,8,4,69,2 - HIGH,Operating,"A - mid-market, state-law exposure in home state",Maryland mini-TCPA applies to its home-state dialing,General Counsel / VP Compliance,Maryland adopted FTSA-style rules. Your home state is now your highest-risk calling jurisdiction.,state mini-TCPA tracker; company profile,LOW
31,HealthPlanOne / ClearMatch,Insurance,Medicare telesales,B2C telesales,"Trumbull, CT","CA, FL, NY licensed ops","500-1,200 (est.)",Est. - LOW,"~800-1,500",Not public,Private - NONE,Carrier partners,Medicare Advantage/Supplement carriers,Licensed telesales agency model across multiple states,Structural: senior-targeted outbound at scale; ALMIA member; operates in FL (FTSA private right of action),Buys Medicare leads,7,22,16,12,8,4,69,2 - HIGH,Operating - private,"A - mid-market, no in-house TCPA bench",FL operations expose it to FTSA statutory damages independent of federal law,General Counsel / VP Compliance,Your Florida book is exposed under FTSA whether or not the FCC rule survived. State law never blinked.,ALMIA membership; company disclosures,LOW-MEDIUM
32,Long Home Products,HVAC / Home Services,Roofing / baths / windows,B2C direct sales,"Savage, MD",Mid-Atlantic + expanding,150-400 (est.),Est. - LOW,"~800-1,200",Not public,Private - NONE,N/A,N/A - direct to consumer,CONFIRMED Convoso outbound dialer customer (named in Convoso customer materials),Maryland HQ under Maryland's mini-TCPA; confirmed predictive-dialer operator in a high-complaint vertical,Purchased + self-generated appointment leads,8,20,18,10,8,5,69,2 - HIGH,Operating - established regional brand,A - confirmed dialer + mid-market + no in-house bench,Confirmed aggressive outbound dialer in a state that just adopted FTSA-style rules,General Counsel / VP Marketing / COO,"You run a predictive dialer out of Maryland, which just adopted FTSA-style rules. That combination is what the plaintiff bar screens for.",convoso.com customer references; state mini-TCPA tracker,MEDIUM on dialer
33,Renewal by Andersen,HVAC / Home Services,Window replacement,B2C direct + franchise,"Cottage Grove, MN",National franchise/affiliate network,"800-1,500 (est.)",Est. across corporate + affiliate call centers - LOW,"~4,000+ (incl. affiliates)",Not separately disclosed (Andersen Corp subsidiary),Private parent - LOW,N/A + franchise network,N/A direct; franchise/affiliate network,National appointment-setting call center operation supporting in-home sales,Structural: franchise/affiliate calling creates vicarious liability across an uncontrolled network,Corporate + affiliate-purchased leads with inconsistent capture,8,22,17,10,8,4,69,2 - HIGH,Strong - Andersen Corporation subsidiary,B - franchise governance problem is a strong fit for provenance tooling,Franchise-network calling is the exact structure Farmers just settled twice over,General Counsel / VP Franchise Compliance,Farmers settled twice for calls its appointed agents placed. Your affiliate network has the same structure and the same blind spot.,company footprint; Farmers vicarious liability analogy,LOW-MEDIUM
34,Trinity Solar,Solar,Residential solar EPC,B2C direct sales,"Wall Township, NJ","NJ, NY, CT, MA, RI, MD",300-700 (est.),"Est. from inside sales share of ~2,040 staff - LOW","~2,040",~$599.8M,Aggregator estimate (Growjo) - LOW,N/A,N/A - direct to consumer,Large multi-state residential solar sales operation with inside sales/appointment setting,Structural: solar vertical has >$57M in disclosed TCPA settlements since 2018; peer Momentum settled for $30M,Purchased + self-generated leads; appointment-setting vendors,8,22,16,11,8,4,69,2 - HIGH,"Strong - family-owned, ~$600M revenue, survived the shakeout",A - solvent solar is now rare and this is the best of it,Peer settlements ($30M Momentum) + competitor bankruptcies = board-level risk attention,General Counsel / VP Sales Operations / CFO,Your two closest competitors settled for $30M or filed Chapter 11. You are the solvent one left holding the vertical's risk profile.,growjo; zoominfo; solar TCPA settlement aggregates,MEDIUM
35,Apex Service Partners,HVAC / Home Services,PE-backed HVAC/plumbing platform,B2C multi-brand rollup,"Tampa, FL",National - 100+ acquired brands,"500-1,500 (est. across brands + central CX)",Est. across rollup portfolio - LOW,"~10,000+","Not public (PE-backed, Alpine Investors)",Private - NONE,N/A,N/A - direct to consumer,"Multi-brand service platform with centralized and local outbound (maintenance renewal, membership, rebooking calls)",Structural: FL HQ (FTSA); each acquisition imports an un-audited customer list and its consent history,Inherits customer/lead lists via acquisition - consent provenance rarely diligenced,6,23,16,10,8,5,68,2 - HIGH,"Strong - Alpine Investors backed, largest US HVAC platform",A - roll-ups are the single best-fit structure for provenance tooling,Every acquisition imports unverified consent; FL domicile adds FTSA; PE exit diligence will price the liability,General Counsel / VP Integration / CFO,Every tuck-in you close imports a customer list nobody diligenced for consent. You are buying calling rights you cannot prove.,ctacquisitions HVAC PE tracker 2026; Orbital largest HVAC companies,MEDIUM on structure
36,EMPWR Solar,Solar,Residential solar,B2C direct sales,Pennsylvania nexus (E.D. Pa. venue),PA/NJ region,Unknown,Not researched - NONE,Not public,Not public,Private - NONE,N/A,N/A - direct to consumer,Defendant in TCPA action over solicitation calls,"Shelton v. EMPWR Solar, 2026 WL 2244025 (E.D. Pa. Aug 4, 2026) - court found the serial-litigator plaintiff's number was NOT on the DNC list (favorable outcome)",Unverified,15,20,10,11,7,5,68,2 - HIGH,UNVERIFIED - diligence required,B - just learned serial litigators target them,Won on the DNC-status facts - a near miss that proves list hygiene decides outcomes,Owner / VP Sales,You won because the number was not actually on the DNC list. That was record-keeping luck. Make it a control.,"Shelton v. EMPWR Solar, E.D. Pa. 8/4/2026",LOW - verify entity
37,QuoteWizard (LendingTree),Insurance,Lead marketplace,B2B lead seller,"Seattle, WA",Seattle WA; Charlotte NC (parent),150-400 (est.),Est. - LOW,Not separately disclosed,LendingTree segment - not broken out,Parent public - LOW,Carriers + agents,P&C carriers and independent agents,Sells insurance leads/calls to outbound buyers,"Structural marketplace exposure; WA HQ under Washington's amended Commercial Electronic Mail/Solicitation Act with private right of action up to $1,000/violation",Originates + resells,7,25,13,12,8,3,68,2 - HIGH,Strong - NASDAQ parent,"B - parent legal team, but unit owns the risk",Washington's strengthened mini-TCPA hits its home state operations directly,Associate GC / VP Compliance,"Washington raised statutory damages to $1,000 per violation in your own back yard.",jdsupra WA/OK mini-TCPA analysis; LendingTree disclosures,LOW-MEDIUM
38,SmartFinancial,Insurance,Lead marketplace,B2B lead seller,"Columbus, OH",Columbus OH; Newport Beach CA,100-300 (est.),Est. - LOW,~200-400,Not public,Private - NONE,Hundreds of agents/carriers,Independent agents and carriers - buyer roster via partner disclosures,Sells insurance leads and calls into buyer outbound programs,Structural: marketplace consent language binds every downstream buyer,Originates + resells to many buyers,6,25,13,12,8,4,68,2 - HIGH,Operating,"A - mid-market marketplace, compliance = differentiation",Buyers increasingly require per-buyer named consent + TrustedForm audit trail,General Counsel / VP Compliance / CEO,Post-IMC your partner list is legal again - and it is also the exact document plaintiffs subpoena first.,industry marketplace listings,LOW
39,Alorica,BPO / Outsourced,CX BPO with outbound programs,B2B outsourced,"Irvine, CA",100+ locations across 14-16 countries incl. large US footprint,"10,000+ US (est. of 100k+ global)",Est. from global footprint - LOW,"~100,000 globally",Not public,Private - NONE,Large enterprise roster; avg client tenure ~10 yrs,"Client roster not public - telecom, retail, financial services, healthcare",Processes 3B+ interactions annually including outbound programs,Structural: agent-of-client calling posture across regulated verticals,Dials client-supplied lists,5,23,19,9,8,3,67,2 - HIGH,Strong - one of largest US-headquartered BPOs,"B - large, likely has compliance function; sell as differentiation",Financial services and healthcare clients pushing TCPA indemnity downstream,Chief Compliance Officer / General Counsel,Your clients are moving TCPA indemnity into the MSA. Provenance evidence is how you price that risk instead of absorbing it.,alorica.com; helpware/outsourceaccelerator BPO rankings,MEDIUM
40,TTEC Holdings,BPO / Outsourced,CX BPO with outbound/sales programs,B2B outsourced,"Englewood, CO",Multiple US + global,"~15,000 US (est. of 61,000 global)",Est. - LOW,"~61,000",~$2.1B,Public filings - HIGH,Enterprise roster,"Client roster not public - healthcare, financial services, telecom, automotive",Operates outbound sales and acquisition programs for enterprise clients,Structural: agent-of-client calling in healthcare and financial services,Dials client-supplied lists,5,23,18,9,8,3,66,2 - HIGH,Strong - NASDAQ listed,B,Healthcare/financial services clients demanding auditable consent handling,Chief Compliance Officer / General Counsel,Regulated-vertical clients now audit how you handle consent. Being auditable is a competitive moat in BPO bids.,BPO industry rankings; public filings,MEDIUM-HIGH on financials
41,Wrench Group,HVAC / Home Services,PE-backed HVAC/plumbing platform,B2C multi-brand rollup,"Atlanta, GA",National multi-brand,"400-1,000 (est.)",Est. - LOW,"~5,000+",Not public (Leonard Green & Partners),Private - NONE,N/A,N/A - direct to consumer,Multi-brand HVAC/plumbing platform with membership renewal and rebooking call operations,Structural: acquisition-driven list inheritance; multi-state calling footprint,Inherits lists via acquisition,5,23,15,10,8,5,66,2 - HIGH,Strong - Leonard Green backed,A - roll-up structure,Continued tuck-in acquisitions; PE hold-period exit prep,General Counsel / VP Operations / CFO,Roll-ups inherit calling lists faster than they inherit calling controls.,ctacquisitions HVAC PE tracker 2026,MEDIUM on structure
42,ARS/Rescue Rooter,HVAC / Home Services,PE-backed HVAC/plumbing platform,B2C multi-brand,"Memphis, TN",70+ US locations,"500-1,200 (est.)",Est. - LOW,"~7,000+",Not public (GI Partners / American Securities),Private - NONE,N/A,N/A - direct to consumer,National HVAC/plumbing service network with centralized call center and membership renewal calling,Structural: national multi-state calling; membership renewal campaigns to legacy customer lists,Legacy customer lists + purchased leads,5,21,16,10,8,5,65,2 - HIGH,"Strong - PE backed, national scale",A,Membership renewal campaigns dial legacy lists whose consent predates current rules,General Counsel / VP Customer Operations,Membership renewal calls to a legacy list are the most common unexamined TCPA exposure in home services.,ctacquisitions HVAC PE tracker 2026; Orbital,MEDIUM on structure
43,"Farha Roofing, LLC",HVAC / Home Services,Roofing,B2C direct sales,"Wichita, KS",KS/MO region,20-60 (est.),Est. - LOW,~100-250,Not public,Private - NONE,N/A,N/A - direct to consumer,Sent non-emergency advertising/marketing texts to consumer cell phones,"$250,000 TCPA class settlement - texts without consent and without required sender identification",Self-generated + purchased local leads,20,16,8,10,6,5,65,2 - HIGH,Operating - small regional,C - too small for enterprise pricing; useful as a proof-point case study,Recent settlement; small firms rebuild process after paying,Owner / Marketing Director,A $250K settlement for missing sender ID in a text. The fix costs a fraction of that.,claimdepot Farha Roofing settlement,MEDIUM on settlement
44,Palmetto Solar,Solar,Residential solar platform,B2C + partner network,"Charleston, SC",Remote-first + partner network,200-500 (est.),Est. - LOW,"~1,000",Not public,Private - NONE,Installer/partner network,Partner installer network (LightReach platform),Platform + partner sales model with outbound customer acquisition,Structural: solar vertical risk; partner-channel calling exposure,Partner-sourced leads with variable consent capture,6,22,13,11,8,4,64,3 - ELEVATED,Operating - one of the surviving platforms,A - platform model means one fix protects many partners,Post-shakeout consolidation; platform players inherit partners from failed competitors along with their lead files,General Counsel / VP Partner Operations,You are absorbing partners from collapsed dealer networks - and their lead files. Inherited leads are inherited liability.,industry coverage of solar consolidation,LOW
45,Service Experts Heating & Air,HVAC / Home Services,PE-backed HVAC platform,B2C multi-brand,"Plano, TX",~90 US/Canada centers,400-900 (est.),Est. - LOW,"~4,000+",Not public (Brookfield / Morgan Stanley Capital Partners),Private - NONE,N/A,N/A - direct to consumer,Multi-location HVAC service network with maintenance agreement renewal calling,Structural: TX HQ (TX telemarketing registration + bond required); multi-state renewal calling,Legacy lists + purchased leads,5,21,15,10,8,5,64,3 - ELEVATED,Strong - institutional ownership,A,Texas requires telemarketer registration and bond; multi-state renewal campaigns,General Counsel / VP Operations,Ninety locations dialing renewals under thirty different state registration regimes.,ctacquisitions HVAC PE tracker 2026,MEDIUM on structure
46,Sila Services,HVAC / Home Services,PE-backed HVAC platform,B2C multi-brand rollup,"Newtown Square, PA",Northeast/Mid-Atlantic multi-brand,200-600 (est.),Est. - LOW,"~3,000+",Not public (Goldman Sachs Alternatives),Private - NONE,N/A,N/A - direct to consumer,Regional multi-brand HVAC platform with service renewal calling,Structural: acquisition-driven list inheritance; MD/PA footprint includes a mini-TCPA state,Inherits lists via acquisition,5,22,14,10,8,5,64,3 - ELEVATED,Strong - Goldman Sachs Alternatives backed,A,Active tuck-in acquirer; Maryland mini-TCPA in its service footprint,General Counsel / VP Integration,Goldman will diligence this at exit. Better to build the record now than reconstruct it under a data request.,ctacquisitions HVAC PE tracker 2026,MEDIUM on structure
47,TurnPoint Services,HVAC / Home Services,PE-backed HVAC platform,B2C multi-brand rollup,"Louisville, KY",National multi-brand,200-600 (est.),Est. - LOW,"~3,000+",Not public (OMERS),Private - NONE,N/A,N/A - direct to consumer,Multi-brand home services platform with centralized customer contact operations,Structural: acquisition-driven list inheritance across multiple states,Inherits lists via acquisition,5,22,14,10,8,5,64,3 - ELEVATED,Strong - OMERS (pension fund) backed,A - institutional owner means institutional risk appetite,Pension-fund ownership means low tolerance for contingent consumer-protection liability,General Counsel / CFO,A pension fund owns you. Contingent statutory-damages exposure is exactly what their risk committee screens.,ctacquisitions HVAC PE tracker 2026,MEDIUM on structure
48,IBEX Limited,BPO / Outsourced,CX BPO with outbound programs,B2B outsourced,"Washington, DC",US + nearshore/offshore,"3,000-6,000 US (est.)",Est. - LOW,"~30,000",~$500M+,Public filings - MEDIUM,Enterprise roster,"Client roster not public - telecom, retail, fintech, healthcare",Outbound sales and retention programs for clients,Structural: agent-of-client calling posture,Dials client-supplied lists,4,22,16,9,8,4,63,3 - ELEVATED,Strong - NASDAQ listed,B,Client MSAs adding TCPA audit rights,General Counsel / VP Compliance,Every outbound program you run for a client is a claim they will tender to you first.,BPO industry rankings; public filings,MEDIUM
